	cohenD	fc_case_control	pval	padj
BAG4	0.519864149505362	0.156712947033928	0.022679165703104	0.9988377854874904
CDO1	-0.552304400289738	-0.0757944744716189	0.0156954815014078	0.9988377854874904
CNOT8	0.518887808694081	0.0831601498836495	0.0229265467697655	0.9988377854874904
NCK1	-0.576440637532302	-0.2266903564432658	0.0118230473643835	0.9988377854874904
NHLH1	-0.540559586811798	-0.4024045413756578	0.0179632895530248	0.9988377854874904
SEPTIN4	0.511138073596968	0.5863809082616717	0.0249763555134252	0.9988377854874904
SPDEF	0.578860825355953	0.6857339410887899	0.0114868369292549	0.9988377854874904
