	cohenD	fc_case_control	pval	padj
deoxycholate	0.591090481679478	0.8576505261298727	0.0099165743826653	0.8410038443481185
1-palmitoyl-2-oleoyl-GPC (16:0/18:1)	-0.643693168953975	-0.1462968097521854	0.0051511102318951	0.8410038443481185
5-methyluridine (ribothymidine)	0.768375696377498	0.2879878127491669	0.0009483007810708	0.8410038443481185
beta-citrylglutamate	-0.668840110366901	-0.3641541536019113	0.0037186513215695	0.8410038443481185
N-acetylglucosamine/N-acetylgalactosamine	-0.651812678397716	-0.2154287164061518	0.0046407940648706	0.8410038443481185
